,state,action_space,reward,Q,action
0,"[0, 0]",d,0,0.0,1
1,"[0, 1]",d,0,0.0,1
2,"[0, 2]",l,-1,-0.01,2
3,"[0, 0]",d,0,0.0,1
4,"[0, 1]",u,0,0.0,0
5,"[0, 0]",u,0,0.0,0
6,"[0, 0]",r,0,0.0,3
7,"[0, 0]",r,0,0.0,3
8,"[0, 0]",u,0,0.0,0
9,"[0, 0]",l,0,0.0,2
10,"[1, 0]",r,0,0.0,3
11,"[0, 0]",u,0,0.0,0
12,"[0, 0]",l,0,0.0,2
13,"[1, 0]",r,0,0.0,3
14,"[0, 0]",d,0,0.0,1
15,"[0, 1]",d,0,0.0,1
16,"[0, 2]",d,0,0.0,1
17,"[0, 3]",l,0,0.0,2
18,"[1, 3]",l,0,0.0,2
19,"[2, 3]",u,1,0.01,0
20,"[0, 0]",l,0,0.0,2
21,"[1, 0]",d,0,0.0,1
22,"[1, 1]",d,-1,-0.01,1
23,"[0, 0]",d,0,0.0,1
24,"[0, 1]",r,0,0.0,3
25,"[0, 1]",d,0,0.0,1
26,"[0, 2]",d,0,0.0,1
27,"[0, 3]",d,0,0.0,1
28,"[0, 3]",r,0,0.0,3
29,"[0, 3]",l,0,0.0,2
30,"[1, 3]",r,0,0.0,3
31,"[0, 3]",u,0,0.0,0
32,"[0, 2]",d,0,0.0,1
33,"[0, 3]",u,0,0.0,0
34,"[0, 2]",u,0,0.0,0
35,"[0, 1]",d,0,0.0,1
36,"[0, 2]",u,0,0.0,0
37,"[0, 1]",r,0,0.0,3
38,"[0, 1]",l,0,0.0,2
39,"[1, 1]",u,0,0.0,0
40,"[1, 0]",r,0,0.0,3
41,"[0, 0]",l,0,0.0,2
42,"[1, 0]",u,0,0.0,0
43,"[1, 0]",l,0,0.0,2
44,"[2, 0]",u,0,0.0,0
45,"[2, 0]",d,-1,-0.01,1
46,"[0, 0]",d,0,0.0,1
47,"[0, 1]",d,0,0.0,1
48,"[0, 2]",u,0,0.0,0
49,"[0, 1]",r,0,0.0,3
50,"[0, 1]",u,0,0.0,0
51,"[0, 0]",r,0,0.0,3
52,"[0, 0]",d,0,0.0,1
53,"[0, 1]",l,0,0.0,2
54,"[1, 1]",r,0,0.0,3
55,"[0, 1]",u,0,0.0,0
56,"[0, 0]",d,0,0.0,1
57,"[0, 1]",d,0,0.0,1
58,"[0, 2]",u,0,0.0,0
59,"[0, 1]",d,0,0.0,1
60,"[0, 2]",r,0,0.0,3
61,"[0, 2]",r,0,0.0,3
62,"[0, 2]",u,0,0.0,0
63,"[0, 1]",d,0,0.0,1
64,"[0, 2]",d,0,0.0,1
65,"[0, 3]",d,0,0.0,1
66,"[0, 3]",d,0,0.0,1
67,"[0, 3]",u,0,0.0,0
68,"[0, 2]",d,0,0.0,1
69,"[0, 3]",r,0,0.0,3
70,"[0, 3]",r,0,0.0,3
71,"[0, 3]",r,0,0.0,3
72,"[0, 3]",u,0,0.0,0
73,"[0, 2]",r,0,0.0,3
74,"[0, 2]",d,0,0.0,1
75,"[0, 3]",r,0,0.0,3
76,"[0, 3]",l,0,0.0,2
77,"[1, 3]",d,0,0.0,1
78,"[1, 3]",r,0,0.0,3
79,"[0, 3]",l,0,0.0,2
80,"[1, 3]",r,0,0.0,3
81,"[0, 3]",l,0,0.0,2
82,"[1, 3]",l,0,9e-05,2
83,"[2, 3]",u,1,0.0199,0
84,"[0, 0]",r,0,0.0,3
85,"[0, 0]",r,0,0.0,3
86,"[0, 0]",l,0,0.0,2
87,"[1, 0]",u,0,0.0,0
88,"[1, 0]",r,0,0.0,3
89,"[0, 0]",r,0,0.0,3
90,"[0, 0]",l,0,0.0,2
91,"[1, 0]",l,0,0.0,2
92,"[2, 0]",u,0,0.0,0
93,"[2, 0]",u,0,0.0,0
94,"[2, 0]",l,0,0.0,2
95,"[3, 0]",u,0,0.0,0
96,"[3, 0]",r,0,0.0,3
97,"[2, 0]",u,0,0.0,0
98,"[2, 0]",l,0,0.0,2
99,"[3, 0]",d,0,0.0,1
100,"[3, 1]",r,-1,-0.01,3
101,"[0, 0]",r,0,0.0,3
102,"[0, 0]",l,0,0.0,2
103,"[1, 0]",r,0,0.0,3
104,"[0, 0]",r,0,0.0,3
105,"[0, 0]",r,0,0.0,3
106,"[0, 0]",l,0,0.0,2
107,"[1, 0]",d,0,0.0,1
108,"[1, 1]",u,0,0.0,0
109,"[1, 0]",d,0,0.0,1
110,"[1, 1]",r,0,0.0,3
111,"[0, 1]",r,0,0.0,3
112,"[0, 1]",d,0,0.0,1
113,"[0, 2]",d,0,0.0,1
114,"[0, 3]",d,0,0.0,1
115,"[0, 3]",l,0,8.100000000000001e-07,2
116,"[1, 3]",l,0,0.0002682,2
117,"[2, 3]",u,1,0.029701,0
118,"[0, 0]",l,0,0.0,2
119,"[1, 0]",r,0,0.0,3
120,"[0, 0]",l,0,0.0,2
121,"[1, 0]",u,0,0.0,0
122,"[1, 0]",d,0,0.0,1
123,"[1, 1]",u,0,0.0,0
124,"[1, 0]",d,0,0.0,1
125,"[1, 1]",r,0,0.0,3
126,"[0, 1]",d,0,0.0,1
127,"[0, 2]",u,0,0.0,0
128,"[0, 1]",u,0,0.0,0
129,"[0, 0]",r,0,0.0,3
130,"[0, 0]",r,0,0.0,3
131,"[0, 0]",u,0,0.0,0
132,"[0, 0]",u,0,0.0,0
133,"[0, 0]",r,0,0.0,3
134,"[0, 0]",r,0,0.0,3
135,"[0, 0]",d,0,0.0,1
136,"[0, 1]",d,0,0.0,1
137,"[0, 2]",d,0,7.290000000000002e-09,1
138,"[0, 3]",u,0,6.561000000000002e-11,0
139,"[0, 2]",d,0,1.4507100000000004e-08,1
140,"[0, 3]",l,0,3.2157000000000004e-06,2
141,"[1, 3]",l,0,0.000532827,2
142,"[2, 3]",u,1,0.03940399,0
143,"[0, 0]",d,0,0.0,1
144,"[0, 1]",d,0,1.3056390000000004e-10,1
145,"[0, 2]",d,0,4.330332900000001e-08,1
146,"[0, 3]",l,0,7.978986000000001e-06,2
147,"[1, 3]",l,0,0.0008821346400000001,2
148,"[2, 3]",u,1,0.0490099501,0
149,"[0, 0]",u,0,0.0,0
150,"[0, 0]",l,0,0.0,2
151,"[1, 0]",u,0,0.0,0
152,"[1, 0]",d,0,0.0,1
153,"[1, 1]",l,-1,-0.01,2
154,"[0, 0]",r,0,0.0,3
155,"[0, 0]",l,0,0.0,2
156,"[1, 0]",u,0,0.0,0
157,"[1, 0]",d,0,0.0,1
158,"[1, 1]",r,0,1.1750751000000005e-12,3
159,"[0, 1]",d,0,5.189882220000001e-10,1
160,"[0, 2]",d,0,1.1468116971000003e-07,1
161,"[0, 3]",l,0,1.5838407900000004e-05,2
162,"[1, 3]",l,0,0.0013144028445,2
163,"[2, 3]",u,1,0.058519850599,0
164,"[0, 0]",l,0,0.0,2
165,"[1, 0]",d,0,1.0575675900000005e-14,1
166,"[1, 1]",r,0,5.834218347000002e-12,3
167,"[0, 1]",d,0,1.5459288671700005e-09,1
168,"[0, 2]",l,-1,-0.0199,2
169,"[0, 0]",u,0,0.0,0
170,"[0, 0]",l,0,9.518108310000005e-17,2
171,"[1, 0]",d,0,6.297788426400003e-14,1
172,"[1, 1]",r,0,1.9689235968060007e-11,3
173,"[0, 1]",d,0,2.562600105888301e-09,1
174,"[0, 2]",d,0,2.5608002911290007e-07,1
175,"[0, 3]",d,0,1.4254567110000003e-07,1
176,"[0, 3]",l,0,2.7509649421500006e-05,2
177,"[1, 3]",l,0,0.001827937471446,2
178,"[2, 3]",u,1,0.06793465209301,0
179,"[0, 0]",l,0,6.610302306450003e-16,2
180,"[1, 0]",d,0,2.395512291339001e-13,1
181,"[1, 1]",r,0,4.2555744561374115e-11,3
182,"[0, 1]",d,0,4.841694366845519e-09,1
183,"[0, 2]",d,0,5.011060736152711e-07,1
184,"[0, 3]",l,0,4.368599017029901e-05,2
185,"[1, 3]",l,0,0.00242106996556863,2
186,"[2, 3]",u,1,0.07725530557207991,0
187,"[0, 0]",l,0,2.8103809905436513e-15,2
188,"[1, 0]",u,0,2.155961062205101e-15,0
189,"[1, 0]",d,0,6.201574178949282e-13,1
190,"[1, 1]",r,0,8.570543641737004e-11,3
191,"[0, 1]",d,0,9.303232085714505e-09,1
192,"[0, 2]",d,0,8.892689244118096e-07,1
193,"[0, 3]",u,0,8.068374219706286e-09,0
194,"[0, 2]",d,0,1.2735501467003825e-06,1
195,"[0, 3]",l,0,6.50387599587137e-05,2
196,"[1, 3]",l,0,0.003092157016061663,2
197,"[2, 3]",r,0,2.782941314455497e-05,3
198,"[1, 3]",l,0,0.0037565331960497657,2
199,"[2, 3]",u,1,0.0864827525163591,0
200,"[0, 0]",l,0,8.363693941692568e-15,2
201,"[1, 0]",d,0,1.3853047714723092e-12,1
202,"[1, 1]",r,0,1.685774708246269e-10,3
203,"[0, 1]",d,0,2.0672151085160805e-08,1
204,"[0, 2]",d,0,1.846163484861802e-06,1
205,"[0, 3]",d,0,7.264690540174234e-07,1
206,"[0, 3]",l,0,9.819717112357445e-05,2
207,"[1, 3]",l,0,0.0044973126367365,2
208,"[2, 3]",u,1,0.09561792499119551,0
209,"[0, 0]",l,0,2.0747799945526427e-14,2
210,"[1, 0]",d,0,2.8886489611792285e-12,1
211,"[1, 1]",d,-1,-0.0199,1
212,"[0, 0]",l,0,4.653816259668422e-14,2
213,"[1, 0]",d,0,4.376959708989078e-12,1
214,"[1, 1]",r,0,3.5294105588282786e-10,3
215,"[0, 1]",d,0,3.708090093806541e-08,1
216,"[0, 2]",l,-1,-0.029701,2
217,"[0, 0]",l,0,8.546541835161908e-14,2
218,"[1, 0]",d,0,7.509659614844639e-12,1
219,"[1, 1]",r,0,6.831397537665883e-10,3
220,"[0, 1]",d,0,5.332556329244098e-08,1
221,"[0, 2]",d,0,2.711476390125354e-06,1
222,"[0, 3]",l,0,0.00013769101314296722,2
223,"[1, 3]",l,0,0.005312900835289895,2
224,"[2, 3]",u,1,0.10466174574128355,0
225,"[0, 0]",l,0,1.5219770070170466e-13,2
226,"[1, 0]",d,0,1.3582820802595489e-11,1
227,"[1, 1]",r,0,1.1562384258608912e-09,3
228,"[0, 1]",d,0,7.719559517064475e-08,1
229,"[0, 2]",d,0,3.923580744510805e-06,1
230,"[0, 3]",l,0,0.0001841302105291466,2
231,"[1, 3]",l,0,0.006201727538608548,2
232,"[2, 3]",u,1,0.11361512828387071,0
233,"[0, 0]",l,0,2.72921110918047e-13,2
234,"[1, 0]",d,0,2.3853138427317555e-11,1
235,"[1, 1]",r,0,1.8394363981380852e-09,3
236,"[0, 1]",d,0,1.1173586591953556e-07,1
237,"[0, 2]",d,0,5.541516831828017e-06,1
238,"[0, 3]",l,0,0.00023810445627133207,2
239,"[1, 3]",l,0,0.0071622464177772995,2
240,"[2, 3]",u,1,0.12247897700103201,0
241,"[0, 0]",l,0,4.848701456547245e-13,2
242,"[1, 0]",d,0,4.016953462628715e-11,1
243,"[1, 1]",r,0,2.8266648274325245e-09,3
244,"[0, 1]",d,0,1.6049215874679236e-07,1
245,"[0, 2]",d,0,7.629041769951726e-06,1
246,"[0, 3]",l,0,0.0003001836294686145,2
247,"[1, 3]",l,0,0.008192934746608815,2
248,"[2, 3]",d,0,0.001102310793009288,1
249,"[2, 3]",u,1,0.1312541872310217,0
250,"[0, 0]",u,0,4.3638313108925215e-15,0
251,"[0, 0]",l,0,8.415472558347616e-13,2
252,"[1, 0]",d,0,6.5207822726917e-11,1
253,"[1, 1]",r,0,4.24282760787933e-09,3
254,"[0, 1]",d,0,2.2754861308888996e-07,1
255,"[0, 2]",d,0,1.0254404017469738e-05,1
256,"[0, 3]",l,0,0.00037091820589340766,2
257,"[1, 3]",l,0,0.009292293084221923,2
258,"[2, 3]",u,1,0.13994164535871148,0
259,"[0, 0]",l,0,1.420002187818667e-12,2
260,"[1, 0]",u,0,5.89004805993836e-13,0
261,"[1, 0]",d,0,1.0274119297056181e-10,1
262,"[1, 1]",r,0,6.248336849600547e-09,3
263,"[0, 1]",d,0,3.1756276311522873e-07,1
264,"[0, 2]",d,0,1.349012383033571e-05,1
265,"[0, 3]",l,0,0.0004508396615924709,2
266,"[1, 3]",l,0,0.010458844961608108,2
267,"[2, 3]",u,1,0.14854222890512436,0
268,"[0, 0]",l,0,2.3304729026755366e-12,2
269,"[1, 0]",d,0,1.5794881268726112e-10,1
270,"[1, 1]",r,0,9.0439183491416e-09,3
271,"[0, 1]",d,0,4.357982499570978e-07,1
272,"[0, 2]",d,0,1.741277954636459e-05,1
273,"[0, 3]",l,0,0.0005404608696310191,2
274,"[1, 3]",l,0,0.011691136572138145,2
275,"[2, 3]",u,1,0.15705680661607313,0
276,"[0, 0]",l,0,3.728707487834131e-12,2
277,"[1, 0]",d,0,2.3776458970266294e-10,1
278,"[1, 1]",d,-1,-0.029701,1
279,"[0, 0]",l,0,5.831301720279756e-12,2
280,"[1, 0]",d,0,3.167822089479107e-10,1
281,"[1, 1]",r,0,1.2875663415264064e-08,3
282,"[0, 1]",d,0,5.881552833748081e-07,1
283,"[0, 2]",d,0,2.2102799577580117e-05,1
284,"[0, 3]",l,0,0.0006402764900839522,2
285,"[1, 3]",l,0,0.012987736465961422,2
286,"[2, 3]",u,1,0.1654862385499124,0
287,"[0, 0]",l,0,8.624028583608155e-12,2
288,"[1, 0]",d,0,4.294953575958082e-10,1
289,"[1, 1]",r,0,1.8040304331484695e-08,3
290,"[0, 1]",d,0,7.811989267392811e-07,1
291,"[0, 2]",d,0,2.7644259992559886e-05,1
292,"[0, 3]",l,0,0.0007507633533767655,2
293,"[1, 3]",l,0,0.01434723524825102,2
294,"[2, 3]",u,1,0.17383137616441327,0
295,"[0, 0]",l,0,1.2403246516134347e-11,2
296,"[1, 0]",d,0,5.875631430032124e-10,1
297,"[1, 1]",r,0,2.489069162882338e-08,3
298,"[0, 1]",u,0,1.1162921864520913e-13,0
299,"[0, 0]",l,0,1.7567282338001914e-11,2
300,"[1, 0]",u,0,5.8711830449628095e-12,0
301,"[1, 0]",u,0,1.1100539501542094e-11,0
302,"[1, 0]",d,0,8.057037362325907e-10,1
303,"[1, 1]",r,0,3.1672575053188675e-08,3
304,"[0, 1]",d,0,1.0221852774049273e-06,1
305,"[0, 2]",d,0,3.4124687573025175e-05,1
306,"[0, 3]",l,0,0.000872380837077257,2
307,"[1, 3]",d,0,0.00012912511723425917,1
308,"[1, 3]",l,0,0.01576824528124823,2
309,"[2, 3]",u,1,0.18209306240276912,0
310,"[0, 0]",l,0,2.464294314071521e-11,2
311,"[1, 0]",d,0,1.082699874348963e-09,1
312,"[1, 1]",l,-1,-0.0199,2
313,"[0, 0]",l,0,3.414081257844873e-11,2
314,"[1, 0]",d,0,1.3569260510841713e-09,1
315,"[1, 1]",r,0,4.055551679930113e-08,3
316,"[0, 1]",d,0,1.3190856127881046e-06,1
317,"[0, 2]",r,0,3.071221881572266e-07,3
318,"[0, 2]",d,0,4.163486823099024e-05,1
319,"[0, 3]",l,0,0.0010055712362377184,2
320,"[1, 3]",l,0,0.01724940039006067,2
321,"[2, 3]",u,1,0.19027213177874144,0
322,"[0, 0]",l,0,4.601173891242179e-11,2
323,"[1, 0]",d,0,1.7083564417670397e-09,1
324,"[1, 1]",r,0,5.2021732146401064e-08,3
325,"[0, 1]",d,0,1.6806085707391356e-06,1
326,"[0, 2]",d,0,5.02686606748198e-05,1
327,"[0, 3]",l,0,0.0011507601273858872,2
328,"[1, 3]",l,0,0.018789355572168737,2
329,"[2, 3]",u,1,0.19836941046095402,0
330,"[0, 0]",l,0,6.092682949920093e-11,2
331,"[1, 0]",d,0,2.159468466666979e-09,1
332,"[1, 1]",r,0,6.662699196158927e-08,3
333,"[0, 1]",d,0,2.1162204311051226e-06,1
334,"[0, 2]",d,0,6.012281521454458e-05,1
335,"[0, 3]",l,0,0.001308356726261547,2
336,"[1, 3]",l,0,0.020386786710595635,2
337,"[2, 3]",u,1,0.20638571635634448,0
338,"[0, 0]",u,0,5.526616584905919e-13,0
339,"[0, 0]",l,0,7.975277740421174e-11,2
340,"[1, 0]",d,0,2.7375167096546123e-09,1
341,"[1, 1]",r,0,8.500670592191948e-08,3
342,"[0, 1]",d,0,2.6361635637249725e-06,1
343,"[0, 2]",d,0,7.129679759875307e-05,1
344,"[0, 3]",l,0,0.0014787542393942922,2
345,"[1, 3]",l,0,0.02204039029069678,2
346,"[2, 3]",u,1,0.21432185919278104,0
347,"[0, 0]",l,0,1.0359290001706114e-10,2
348,"[1, 0]",d,0,3.4752018958553416e-09,1
349,"[1, 1]",r,0,1.0788211093622503e-07,3
350,"[0, 1]",u,0,1.0428490266123075e-12,0
351,"[0, 0]",l,0,1.338337880795886e-10,2
352,"[1, 0]",d,0,4.411388875322814e-09,1
353,"[1, 1]",r,0,1.3052876190038752e-07,3
354,"[0, 1]",d,0,3.2514731064765003e-06,1
355,"[0, 2]",d,0,8.389261777731417e-05,1
356,"[0, 3]",l,0,0.0016623302096166203,2
357,"[1, 3]",l,0,0.023748883120524842,2
358,"[2, 3]",d,0,0.0030201844178142246,1
359,"[2, 3]",u,1,0.22217864060085324,0
360,"[0, 0]",l,0,1.7219795007669805e-10,2
361,"[1, 0]",d,0,5.5420338436730735e-09,1
362,"[1, 1]",r,0,1.5848673223967214e-07,3
363,"[0, 1]",d,0,3.973991935407563e-06,1
364,"[0, 2]",d,0,9.801466348609061e-05,1
365,"[0, 3]",l,0,0.0018594468556051777,2
366,"[1, 3]",l,0,0.025511002054727273,2
367,"[2, 3]",u,1,0.2299568541948447,0
368,"[0, 0]",l,0,2.2035427516898875e-10,2
369,"[1, 0]",d,0,6.912994095393392e-09,1
370,"[1, 1]",r,0,1.9266779233594349e-07,3
371,"[0, 1]",d,0,4.816383987428303e-06,1
372,"[0, 2]",d,0,0.0001137695385516763,1
373,"[0, 3]",l,0,0.0020704514055416715,2
374,"[1, 3]",l,0,0.027325503721933604,2
375,"[2, 3]",u,1,0.23765728565289626,0
376,"[0, 0]",l,0,2.803676792758394e-10,2
377,"[1, 0]",d,0,8.57787428546295e-09,1
378,"[1, 1]",r,0,2.3408857029943877e-07,3
379,"[0, 1]",d,0,5.7921459945191064e-06,1
380,"[0, 2]",d,0,0.00013126590581603458,1
381,"[0, 3]",l,0,0.002295676424983657,2
382,"[1, 3]",l,0,0.029191164255590336,2
383,"[2, 3]",u,1,0.2452807127963673,0
384,"[0, 0]",l,0,3.5476487105224757e-10,2
385,"[1, 0]",d,0,1.0598892675303269e-08,1
386,"[1, 1]",l,-1,-0.029701,2
387,"[0, 0]",r,0,3.1928838394702285e-12,3
388,"[0, 0]",l,0,4.466072564194545e-10,2
389,"[1, 0]",d,0,1.2599700881245184e-08,1
390,"[1, 1]",d,-1,-0.03940399,1
391,"[0, 0]",u,0,4.566600349680777e-12,0
392,"[0, 0]",l,0,5.555384917864666e-10,2
393,"[1, 0]",d,0,1.4580501005127682e-08,1
394,"[1, 1]",r,0,2.8387699854711636e-07,3
395,"[0, 1]",d,0,6.915617686918226e-06,1
396,"[0, 2]",d,0,0.00015061433458272714,1
397,"[0, 3]",l,0,0.0025354401390341335,2
398,"[1, 3]",l,0,0.031106779028201737,2
399,"[2, 3]",u,1,0.25282790566840363,0
400,"[0, 0]",l,0,6.812076159147511e-10,2
401,"[1, 0]",d,0,1.6989588982000454e-08,1
402,"[1, 1]",r,0,3.432787877439092e-07,3
403,"[0, 1]",d,0,8.20199052129359e-06,1
404,"[0, 2]",d,0,0.00017192715248820706,1
405,"[0, 3]",l,0,0.002790046748897608,2
406,"[1, 3]",l,0,0.03307116238893535,2
407,"[2, 3]",u,1,0.26029962661171957,0
408,"[0, 0]",l,0,8.273018405936077e-10,2
409,"[1, 0]",d,0,1.9909202181875634e-08,1
410,"[1, 1]",r,0,4.136639145581124e-07,3
411,"[0, 1]",d,0,9.667314988474517e-06,1
412,"[0, 2]",d,0,0.00019531830170340346,1
413,"[0, 3]",l,0,0.00305978674290905,2
414,"[1, 3]",l,0,0.03508314740455147,2
415,"[2, 3]",u,1,0.26769663034560237,0
416,"[0, 0]",l,0,9.982116418245523e-10,2
417,"[1, 0]",d,0,2.343308539107989e-08,1
418,"[1, 1]",r,0,4.965331103088019e-07,3
419,"[0, 1]",d,0,1.1328506553920403e-05,1
420,"[0, 2]",d,0,0.00022090319937255088,1
421,"[0, 3]",l,0,0.0033449372021209225,2
422,"[1, 3]",l,0,0.03714158560361638,2
423,"[2, 3]",u,1,0.27501966404214634,0
424,"[0, 0]",l,0,1.1991272939260257e-09,2
425,"[1, 0]",d,0,2.7667552529948307e-08,1
426,"[1, 1]",r,0,5.935243381909976e-07,3
427,"[0, 1]",d,0,1.3203350282734156e-05,1
428,"[0, 2]",d,0,0.00024879860219791366,1
429,"[0, 3]",l,0,0.0036457621005322608,2
430,"[1, 3]",l,0,0.03924534672395953,2
431,"[2, 3]",u,1,0.28226946740172487,0
432,"[0, 0]",l,0,1.4361439937563003e-09,2
433,"[1, 0]",d,0,3.27325960483678e-08,1
434,"[1, 1]",r,0,7.06419247353695e-07,3
435,"[0, 1]",d,0,1.5310504199688037e-05,1
436,"[0, 2]",d,0,0.0002791224750807249,1
437,"[0, 3]",l,0,0.003962512600042574,2
438,"[1, 3]",l,0,0.04139331846333546,2
439,"[2, 3]",u,1,0.28944677272770764,0
440,"[0, 0]",l,0,1.7163759182540476e-09,2
441,"[1, 0]",d,0,3.876304331406738e-08,1
442,"[1, 1]",r,0,8.371495926773503e-07,3
443,"[0, 1]",d,0,1.7669501433417683e-05,1
444,"[0, 2]",d,0,0.0003119938637303008,1
445,"[0, 3]",l,0,0.0042954273402121676,2
446,"[1, 3]",l,0,0.04358440623325147,2
447,"[2, 3]",u,1,0.29655230500043056,0
448,"[0, 0]",l,0,2.0480795488981136e-09,2
449,"[1, 0]",d,0,4.590975921502286e-08,1
450,"[1, 1]",r,0,9.878036096513359e-07,3
451,"[0, 1]",l,0,8.890232486862023e-09,2
452,"[1, 1]",r,0,1.1369510864555816e-06,3
453,"[0, 1]",d,0,2.0300751192656214e-05,1
454,"[0, 2]",d,0,0.0003475327711549073,1
455,"[0, 3]",l,0,0.004644732722909309,2
456,"[1, 3]",r,0,4.180259450618378e-05,3
457,"[0, 3]",l,0,0.004990545051779479,2
458,"[1, 3]",l,0,0.04581753291592283,2
459,"[2, 3]",u,1,0.30358678195042627,0
460,"[0, 0]",l,0,2.4407865863443383e-09,2
461,"[1, 0]",d,0,5.568322140097287e-08,1
462,"[1, 1]",r,0,1.3082883363249319e-06,3
463,"[0, 1]",d,0,2.322553862112382e-05,1
464,"[0, 2]",d,0,0.0003889723489093735,1
465,"[0, 3]",l,0,0.00535299739750499,2
466,"[1, 3]",l,0,0.04809163862431744,2
467,"[2, 3]",u,1,0.310550914130922,0
468,"[0, 0]",l,0,2.9175277130896506e-09,2
469,"[1, 0]",d,0,6.690098421388752e-08,1
470,"[1, 1]",r,0,1.504235300551797e-06,3
471,"[0, 1]",d,0,2.6494034375096944e-05,1
472,"[0, 2]",d,0,0.0004332596019978247,1
473,"[0, 3]",l,0,0.0057322921711487965,2
474,"[1, 3]",l,0,0.05040568046525256,2
475,"[2, 3]",u,1,0.31744540498961277,0
476,"[0, 0]",l,0,3.4904612938837417e-09,2
477,"[1, 0]",d,0,7.977009207671482e-08,1
478,"[1, 1]",r,0,1.7276392569221515e-06,3
479,"[0, 1]",d,0,3.0128430449326397e-05,1
480,"[0, 2]",d,0,0.0004805176355181856,1
481,"[0, 3]",l,0,0.006128620373624581,2
482,"[1, 3]",l,0,0.05275863230550655,2
483,"[2, 3]",u,1,0.32427095093971664,0
484,"[0, 0]",u,0,3.593508599113764e-11,0
485,"[0, 0]",r,0,3.4575106646029206e-11,3
486,"[0, 0]",l,0,4.1734875096353375e-09,2
487,"[1, 0]",d,0,9.452114446824704e-08,1
488,"[1, 1]",r,0,1.9815187383968675e-06,3
489,"[0, 1]",d,0,3.4151804864496806e-05,1
490,"[0, 2]",d,0,0.000530870042525625,1
491,"[0, 3]",l,0,0.006542161860637895,2
492,"[1, 3]",l,0,0.055149484540908934,2
493,"[2, 3]",u,1,0.33102824143031945,0
494,"[0, 0]",l,0,4.982442934753208e-09,2
495,"[1, 0]",d,0,1.1140960166913637e-07,1
496,"[1, 1]",r,0,2.2690697947933704e-06,3
497,"[0, 1]",d,0,3.858811719858247e-05,1
498,"[0, 2]",d,0,0.0005844407988461098,1
499,"[0, 3]",l,0,0.006973085602899696,2
500,"[1, 3]",l,0,0.05757724386837272,2
501,"[2, 3]",u,1,0.33771795901601626,0
502,"[0, 0]",l,0,5.935304920427903e-09,2
503,"[1, 0]",d,0,1.3071713380558535e-07,1
504,"[1, 1]",r,0,2.593672151632679e-06,3
505,"[0, 1]",d,0,4.346220321621163e-05,1
506,"[0, 2]",d,0,0.0006413541612837459,1
507,"[0, 3]",l,0,0.007421549941686053,2
508,"[1, 3]",l,0,0.06004093306083314,2
509,"[2, 3]",u,1,0.3443407794258561,0
510,"[0, 0]",d,0,3.911598289459047e-07,1
511,"[0, 1]",d,0,4.879976863560323e-05,1
512,"[0, 2]",d,0,0.000701734569146083,1
513,"[0, 3]",l,0,0.007887702839816692,2
514,"[1, 3]",l,0,0.06253959074505752,2
515,"[2, 3]",u,1,0.35089737163159757,0
516,"[0, 0]",d,0,8.264461483768748e-07,1
517,"[0, 1]",d,0,5.462738207156195e-05,1
518,"[0, 2]",d,0,0.0007657065490129723,1
519,"[0, 3]",l,0,0.008371682128124043,2
520,"[1, 3]",l,0,0.06507227118229132,2
521,"[2, 3]",u,1,0.3573883979152816,0
522,"[0, 0]",d,0,1.3098281255371635e-06,1
523,"[0, 1]",d,0,6.097246719196308e-05,1
524,"[0, 2]",d,0,0.0008333946226759591,1
525,"[0, 3]",l,0,0.008873615747483424,2
526,"[1, 3]",l,0,0.06763804405170594,2
527,"[2, 3]",u,1,0.3638145139361288,0
528,"[0, 0]",d,0,1.8454820490094596e-06,1
529,"[0, 1]",d,0,6.786329412412708e-05,1
530,"[0, 2]",r,0,7.804602570359286e-06,3
531,"[0, 2]",d,0,0.0009049232181765504,1
532,"[0, 3]",l,0,0.009393621986473944,2
533,"[1, 3]",l,0,0.07023599423661404,2
534,"[2, 3]",u,1,0.3701763687967675,0
535,"[0, 0]",d,0,2.437796875636509e-06,1
536,"[0, 1]",d,0,7.532897014647476e-05,1
537,"[0, 2]",d,0,0.0009804165838730504,1
538,"[0, 3]",r,0,8.45425978782655e-05,3
539,"[0, 3]",l,0,0.009931809714738732,2
540,"[1, 3]",l,0,0.07286522161341881,2
541,"[2, 3]",u,1,0.3764746051087998,0
542,"[0, 0]",d,0,3.0913796381984164e-06,1
543,"[0, 1]",d,0,8.339942969986746e-05,1
544,"[0, 2]",d,0,0.0010599987054669684,1
545,"[0, 3]",l,0,0.010488278612112113,2
546,"[1, 3]",d,0,0.000783620860582686,1
547,"[1, 3]",l,0,0.07552484084326382,2
548,"[2, 3]",u,1,0.3827098590577118,0
549,"[0, 0]",d,0,3.8110607091152396e-06,1
550,"[0, 1]",d,0,9.21054237520715e-05,1
551,"[0, 2]",d,0,0.0011437932259213079,1
552,"[0, 3]",l,0,0.011063119393580366,2
553,"[1, 3]",l,0,0.07821398116635059,2
554,"[2, 3]",u,1,0.3888827604671347,0
555,"[0, 0]",d,0,4.601898915792731e-06,1
556,"[0, 1]",d,0,0.00010147850854784256,1
557,"[0, 2]",d,0,0.0012319233682043182,1
558,"[0, 3]",l,0,0.011656414030141718,2
559,"[1, 3]",l,0,0.0809317861988913,2
560,"[2, 3]",u,1,0.39499393286246337,0
561,"[0, 0]",d,0,5.469186503565387e-06,1
562,"[0, 1]",d,0,0.00011155103377620299,1
563,"[0, 2]",d,0,0.0013245118607935504,1
564,"[0, 3]",l,0,0.012268235965630323,2
565,"[1, 3]",l,0,0.08367741373266456,2
566,"[2, 3]",l,0,0.0,2
567,"[3, 3]",u,-1,-0.01,0
568,"[0, 0]",d,0,6.41845394251556e-06,1
569,"[0, 1]",d,0,0.00012235613018558291,1
570,"[0, 2]",d,0,0.0014216808658762878,1
571,"[0, 3]",l,0,0.012898650329568,2
572,"[1, 3]",l,0,0.08639558499110009,2
573,"[2, 3]",u,1,0.40104399353383874,0
574,"[0, 0]",d,0,7.45547457476065e-06,1
575,"[0, 1]",l,0,3.2144379526687513e-08,2
576,"[1, 1]",r,0,3.6689406017865988e-06,3
577,"[0, 1]",d,0,0.00013392769667661366,1
578,"[0, 2]",d,0,0.001523551910183637,1
579,"[0, 3]",l,0,0.013547224091192222,2
580,"[1, 3]",l,0,0.08914102508299364,2
581,"[2, 3]",u,1,0.40703355359850035,0
582,"[0, 0]",d,0,8.586269099102566e-06,1
583,"[0, 1]",d,0,0.00014630038690150026,1
584,"[0, 2]",d,0,0.0016302414079025305,1
585,"[0, 3]",l,0,0.014214021076027242,2
586,"[1, 3]",l,0,0.0919129168145502,2
587,"[2, 3]",u,1,0.41296321806251535,0
588,"[0, 0]",d,0,9.817109890225044e-06,1
589,"[0, 1]",l,0,6.484340114750003e-08,2
590,"[1, 1]",r,0,4.948954677882235e-06,3
591,"[0, 1]",d,0,0.00015950955570360803,1
592,"[0, 2]",d,0,0.0017418651835077504,1
593,"[0, 3]",l,0,0.014899097116597922,2
594,"[1, 3]",l,0,0.09471045660896733,2
595,"[2, 3]",u,1,0.4188335858818902,0
596,"[0, 0]",d,0,1.1154524792655265e-05,1
597,"[0, 1]",d,0,0.0001735912467981417,1
598,"[0, 2]",d,0,0.0018585384057220543,1
599,"[0, 3]",l,0,0.015602500254912648,2
600,"[1, 3]",u,-1,-0.01,0
601,"[0, 0]",d,0,1.2605300765911988e-05,1
602,"[0, 1]",r,0,1.5623212211832753e-06,3
603,"[0, 1]",d,0,0.00018858217998165877,1
604,"[0, 2]",d,0,0.0019803755239590475,1
605,"[0, 3]",l,0,0.01629886936184423,2
606,"[1, 3]",l,0,0.09753285431581467,2
607,"[2, 3]",u,1,0.4246452500230713,0
608,"[0, 0]",d,0,1.4176487378087798e-05,1
609,"[0, 1]",d,0,0.0002045197378974736,1
610,"[0, 2]",d,0,0.002107261592976055,1
611,"[0, 3]",l,0,0.01701367635706812,2
612,"[1, 3]",l,0,0.10037933302286417,2
613,"[2, 3]",u,1,0.4303987975228406,0
614,"[0, 0]",l,0,7.052406075473893e-09,2
615,"[1, 0]",d,0,1.739505545684696e-07,1
616,"[1, 1]",r,0,6.740142772180675e-06,3
617,"[0, 1]",d,0,0.00022143989485528336,1
618,"[0, 2]",d,0,0.0022393120642599075,1
619,"[0, 3]",l,0,0.017746953590703215,2
620,"[1, 3]",l,0,0.1032491288703411,2
621,"[2, 3]",u,1,0.4360948095476122,0
622,"[0, 0]",d,0,1.602768155800447e-05,1
623,"[0, 1]",d,0,0.00023937930448506968,1
624,"[0, 2]",d,0,0.0023766415259336374,1
625,"[0, 3]",l,0,0.018498726214629252,2
626,"[1, 3]",l,0,0.1061414908675662,2
627,"[2, 3]",u,1,0.44173386145213606,0
628,"[0, 0]",d,0,1.802181848279005e-05,1
629,"[0, 1]",d,0,0.00025837528517362173,1
630,"[0, 2]",r,0,2.9116330278058433e-05,3
631,"[0, 2]",l,-1,-0.03940399,2
632,"[0, 0]",d,0,2.0166977864524746e-05,1
633,"[0, 1]",d,0,0.00027718130605528825,1
634,"[0, 2]",l,-1,-0.0490099501,2
635,"[0, 0]",d,0,2.2459939840377093e-05,1
636,"[0, 1]",d,0,0.00029579926672813813,1
637,"[0, 2]",d,0,0.0025193636466059642,1
638,"[0, 3]",l,0,0.019269012370291057,2
639,"[1, 3]",u,-1,-0.0199,0
640,"[0, 0]",u,0,2.0217503429852505e-07,0
641,"[0, 0]",d,0,2.4897533842526566e-05,1
642,"[0, 1]",d,0,0.00031551554688031045,1
643,"[0, 2]",d,0,0.0026675911214725243,1
644,"[0, 3]",l,0,0.020031595664396242,2
645,"[1, 3]",l,0,0.10905568071195977,2
646,"[2, 3]",u,1,0.4473165228376147,0
647,"[0, 0]",d,0,2.7488198426024094e-05,1
648,"[0, 1]",d,0,0.0003363687115047601,1
649,"[0, 2]",d,0,0.002821199571237365,1
650,"[0, 3]",l,0,0.020812780834159918,2
651,"[1, 3]",l,0,0.1119909726103787,2
652,"[2, 3]",u,1,0.45284335760923855,0
653,"[0, 0]",d,0,3.0240634845306694e-05,1
654,"[0, 1]",d,0,0.0003583958205308488,1
655,"[0, 2]",d,0,0.0029803026030324306,1
656,"[0, 3]",l,0,0.021612571779311727,2
657,"[1, 3]",l,0,0.11494665310275806,2
658,"[2, 3]",l,0,0.0,2
659,"[3, 3]",r,0,0.004075590218483147,3
660,"[2, 3]",u,1,0.45831492403314616,0
661,"[0, 0]",d,0,3.3163790881631263e-05,1
662,"[0, 1]",d,0,0.0003816345857528322,1
663,"[0, 2]",d,0,0.003145012723015912,1
664,"[0, 3]",l,0,0.022430965939443433,2
665,"[1, 3]",l,0,0.11792202088802879,2
666,"[2, 3]",u,1,0.4637317747928147,0
667,"[0, 0]",l,0,8.547437005835381e-09,2
668,"[1, 0]",d,0,2.32872333972411e-07,1
669,"[1, 1]",r,0,1.0107452616234358e-05,3
670,"[0, 1]",d,0,0.0004061233544024471,1
671,"[0, 2]",d,0,0.0033154412892407435,1
672,"[0, 3]",l,0,0.02326795446804126,2
673,"[1, 3]",l,0,0.12091638665228384,2
674,"[2, 3]",u,1,0.46909445704488656,0
675,"[0, 0]",d,0,3.6487263162436976e-05,1
676,"[0, 1]",d,0,0.0004319010924615893,1
677,"[0, 2]",r,0,5.866413857844454e-05,3
678,"[0, 2]",r,0,8.791646879582679e-05,3
679,"[0, 2]",d,0,0.0034916984665607073,1
680,"[0, 3]",l,0,0.0241235224032314,2
681,"[1, 3]",l,0,0.12392907289916498,2
682,"[2, 3]",d,0,0.007211832687040062,1
683,"[2, 3]",u,1,0.4744035124744377,0
684,"[0, 0]",d,0,4.000950036296691e-05,1
685,"[0, 1]",d,0,0.0004590073677360198,1
686,"[0, 2]",d,0,0.003673893183524183,1
687,"[0, 3]",l,0,0.024997648835291573,2
688,"[1, 3]",l,0,0.12695941378244327,2
689,"[2, 3]",u,1,0.47965947734969333,0
690,"[0, 0]",d,0,4.374047166896142e-05,1
691,"[0, 1]",u,0,3.936652774411891e-07,0
692,"[0, 0]",d,0,4.7434133261895985e-05,1
693,"[0, 1]",d,0,0.0004874823327103772,1
694,"[0, 2]",d,0,0.003862133091206565,1
695,"[0, 3]",l,0,0.025890307070980646,2
696,"[1, 3]",l,0,0.13000675494076608,2
697,"[2, 3]",u,1,0.4848628825761964,0
698,"[0, 0]",d,0,5.134713292367042e-05,1
699,"[0, 1]",l,0,1.5516204068213428e-07,2
700,"[1, 1]",r,0,1.439371908446541e-05,3
701,"[0, 1]",d,0,0.0005173667072041325,1
702,"[0, 2]",d,0,0.004056524523933325,1
703,"[0, 3]",l,0,0.026801464794737734,2
704,"[1, 3]",u,-1,-0.029701,0
705,"[0, 0]",d,0,5.5489961959270904e-05,1
706,"[0, 1]",d,0,0.0005487017608474911,1
707,"[0, 2]",d,0,0.004257172461846631,1
708,"[0, 3]",d,0,0.00024193238751611687,1
709,"[0, 3]",l,0,0.027703510941257253,2
710,"[1, 3]",l,0,0.13307045333454418,2
711,"[2, 3]",r,0,0.001225185199024007,3
712,"[1, 3]",u,-1,-0.03940399,0
713,"[0, 0]",d,0,5.987337818730562e-05,1
714,"[0, 1]",d,0,0.0005815292953956359,1
715,"[0, 2]",d,0,0.004463932335699481,1
716,"[0, 3]",l,0,0.02862410991185558,2
717,"[1, 3]",l,0,0.1361035147443845,2
718,"[2, 3]",u,1,0.49001425375043445,0
719,"[0, 0]",d,0,6.450840806399328e-05,1
720,"[0, 1]",d,0,0.0006158893934629749,1
721,"[0, 2]",d,0,0.004676910001549186,1
722,"[0, 3]",l,0,0.029562800445436483,2
723,"[1, 3]",l,0,0.13915260788069458,2
724,"[2, 3]",u,1,0.4951141112129301,0
725,"[0, 0]",d,0,6.940632852452012e-05,1
726,"[0, 1]",d,0,0.0006518226895422878,1
727,"[0, 2]",d,0,0.0048962061055426226,1
728,"[0, 3]",l,0,0.03051954591190837,2
729,"[1, 3]",l,0,0.142217108802804,2
730,"[2, 3]",u,1,0.5001629701008008,0
731,"[0, 0]",d,0,7.457866944515551e-05,1
732,"[0, 1]",d,0,0.0006893703175967485,1
733,"[0, 2]",d,0,0.005121919957694372,1
734,"[0, 3]",l,0,0.03149430443201452,2
735,"[1, 3]",l,0,0.14529640444568317,2
736,"[2, 3]",u,1,0.5051613403997928,0
737,"[0, 0]",d,0,8.00372156090747e-05,1
738,"[0, 1]",d,0,0.0007285738940400304,1
739,"[0, 2]",d,0,0.0053541494980055586,1
740,"[0, 3]",l,0,0.032487029027705526,2
741,"[1, 3]",l,0,0.14838989246482448,2
742,"[2, 3]",u,1,0.5101097269957948,0
743,"[0, 0]",d,0,8.579400849934423e-05,1
744,"[0, 1]",d,0,0.0007694755005816802,1
745,"[0, 2]",r,0,0.00013522464958991854,3
746,"[0, 2]",d,0,0.005592991264274852,1
747,"[0, 3]",l,0,0.03349766776961189,2
748,"[1, 3]",l,0,0.1514969810831384,2
749,"[2, 3]",u,1,0.5150086297258368,0
750,"[0, 0]",d,0,9.18613479195859e-05,1
751,"[0, 1]",d,0,0.000812117666954337,1
752,"[0, 2]",d,0,0.005838540361558611,1
753,"[0, 3]",l,0,0.034526163921664015,2
754,"[1, 3]",l,0,0.15461708893983953,2
755,"[2, 3]",u,1,0.5198585434285785,0
756,"[0, 0]",d,0,9.825179344297908e-05,1
757,"[0, 1]",d,0,0.0008565433535388211,1
758,"[0, 2]",d,0,0.006090890433238001,1
759,"[0, 3]",l,0,0.03557245608290593,2
760,"[1, 3]",u,-1,-0.0490099501,0
761,"[0, 0]",d,0,0.00010497816569039867,1
762,"[0, 1]",d,0,0.0009027959339025749,1
763,"[0, 2]",d,0,0.006350133633651774,1
764,"[0, 3]",l,0,0.036608285322535426,2
765,"[1, 3]",l,0,0.15774964494129834,2
766,"[2, 3]",u,1,0.5246599579942928,0
767,"[0, 0]",d,0,0.00011205354743861785,1
768,"[0, 1]",d,0,0.0009509191772664151,1
769,"[0, 2]",d,0,0.006616106865218075,1
770,"[0, 3]",l,0,0.037661949273781754,2
771,"[1, 3]",l,0,0.160894088113834,2
772,"[2, 3]",u,1,0.5294133584143499,0
773,"[0, 0]",d,0,0.00011949128455962941,1
774,"[0, 1]",d,0,0.0010009549472807136,1
775,"[0, 2]",d,0,0.0068889033400299305,1
776,"[0, 3]",l,0,0.038733376574068445,2
777,"[1, 3]",l,0,0.1640498674584248,2
778,"[2, 3]",u,1,0.5341192248302064,0
779,"[0, 0]",d,0,0.00012730496623955954,1
780,"[0, 1]",d,0,0.0010529455278681758,1
781,"[0, 2]",d,0,0.007168614695796247,1
782,"[0, 3]",l,0,0.039822491615453585,2
783,"[1, 3]",l,0,0.1672164418073124,2
784,"[2, 3]",u,1,0.5387780325819043,0
785,"[0, 0]",d,0,0.00013550842632797754,1
786,"[0, 1]",d,0,0.0011069336048516603,1
787,"[0, 2]",d,0,0.007455330973377367,1
788,"[0, 3]",l,0,0.04092921467556486,2
789,"[1, 3]",l,0,0.17039327968247642,2
790,"[2, 3]",u,1,0.5433902522560852,0
791,"[0, 0]",d,0,0.0001441157445083627,1
792,"[0, 1]",d,0,0.00116296224756354,1
793,"[0, 2]",d,0,0.007749140595723677,1
794,"[0, 3]",u,0,6.97502530519906e-05,0
795,"[0, 2]",d,0,0.008040012121846523,1
796,"[0, 3]",l,0,0.0420534620459515,2
797,"[1, 3]",l,0,0.17357985915595642,2
798,"[2, 3]",u,1,0.5479563497335244,0
799,"[0, 0]",d,0,0.00015314124729135095,1
800,"[0, 1]",d,0,0.0012236927341845233,1
801,"[0, 2]",d,0,0.008338093159041621,1
802,"[0, 3]",l,0,0.04319514615789559,2
803,"[1, 3]",l,0,0.17677566771199857,2
804,"[2, 3]",u,1,0.5524767862361891,0
